Laptop Model,Price,Rating,Number of Reviews,Availability
"Auusda Laptop Computer with 16GB DDR4 RAM & 512GB M.2 PCIe NVMe SSD, Intel N95 Up to 2-3.4 GHz, 15.6"" FHD IPS LCD Screen, Backlight Keyboard, Fingerprint Reader, Mini HDMI, USB-A x2, Windows 11 Pro",332.49$,3.8 out of 5 stars,188 ratings,In Stock
"BiTECOOL 15.6"" Windows 11 Laptop, Intel Core i3-5005U, 16GB RAM, 512GB SSD, FHD IPS Display, 2.4G/5G WiFi, BT5.0, RJ45, Type C, Webcam, Long Battery Life - for Work, Study, and Entertainment",299.00$,4.5 out of 5 stars,168 ratings,In Stock
"Acer Aspire 3 A315-24P-R7VH Slim Laptop | 15.6"" Full HD IPS Display | AMD Ryzen 3 7320U Quad-Core Processor | AMD Radeon Graphics | 8GB LPDDR5 | 128GB NVMe SSD | Wi-Fi 6 | Windows 11 Home in S Mode",259.99$,4.3 out of 5 stars,"1,775 ratings",Only 1 left in stock - order soon.
"HP 17 Laptop, 17.3” HD+ Display, 11th Gen Intel Core i3-1125G4 Processor, 32GB RAM, 1TB SSD, Wi-Fi, HDMI, Webcam, Windows 11 Home, Silver",105.99$,4.3 out of 5 stars,584 ratings,Only 1 left in stock - order soon.
"HP Newest 14"" Ultral Light Laptop for Students and Business, Intel Quad-Core N4120, 8GB RAM, 192GB Storage(64GB eMMC+128GB Micro SD), 1 Year Office 365, Webcam, HDMI, WiFi, USB-A&C, Win 11 S",259.99$,4.2 out of 5 stars,"1,828 ratings",Only 1 left in stock - order soon.
"HP 14 Laptop, Intel Celeron N4020, 4 GB RAM, 64 GB Storage, 14-inch Micro-edge HD Display, Windows 11 Home, Thin & Portable, 4K Graphics, One Year of Microsoft 365 (14-dq0040nr, Snowflake White)",186.60$,3.9 out of 5 stars,"1,308 ratings",In Stock
"Leudaich 14'’ Laptop Monitor Extender for Dual Monitor Dispaly, FHD IPS Portable Monitor for 13”-16” Laptops, HDMI/USB-A/Type-C Plug-Play Dual-Screen for Windows, Chrome, Mac and Switch",179.80$,4.6 out of 5 stars,143 ratings,In Stock
"HP Notebook Laptop, 15.6"" HD Touchscreen, Intel Core i3-1115G4 Processor, 32GB RAM, 1TB PCIe SSD, Webcam, Type-C, HDMI, SD Card Reader, Wi-Fi, Windows 11 Home, Silver",455.00$,4.5 out of 5 stars,960 ratings,In Stock
"Dell Inspiron 3511 Laptop, 15.6"" Full HD Touchscreen, Intel Core i5-1135G7 (Beats Intel i7-1065G7), 32GB DDR4 RAM, 1TB PCIe SSD, SD Card Reader, HDMI, Wi-Fi, Windows 11 Home, Black",529.00$,4.0 out of 5 stars,398 ratings,Only 4 left in stock - order soon.
"Lenovo V15 Laptop, 15.6"" FHD Display, AMD Ryzen 5 5500U Hexa-core Processor (Beat Intel i7-1065G7), 16GB RAM, 512GB SSD, HDMI, RJ45, Numeric Keypad, Wi-Fi, Windows 11 Pro, Black",22.99$,4.4 out of 5 stars,234 ratings,Not Available
"Lenovo - 2022 - IdeaPad 3i - Essential Laptop Computer - Intel Core i5 12th Gen - 15.6"" FHD Display - 8GB Memory - 512GB Storage - Windows 11 Pro",489.99$,4.5 out of 5 stars,574 ratings,In Stock
"WOZIFAN 14"" Laptop 6GB RAM 256GB SSD Traditional Laptops Computer Win 11 Full Metal 2.4G+5G WiFi BT 4.2 1920x1080 FHD with Wireless Mouse for Work Study Entertainment-Gold",215.99$,4.4 out of 5 stars,168 ratings,In Stock
"Acer Aspire 1 A115-32-C96U Slim Laptop | 15.6"" FHD Display | Intel Celeron N4500 Processor | 4GB DDR4 | 128GB eMMC | WiFi 5 | Microsoft 365 Personal 1-Year Subscription | Windows 11 in S Mode, Silver",227.49$,4.5 out of 5 stars,512 ratings,Only 1 left in stock - order soon.
"HP Portable Laptop (Include 1 Year Microsoft 365), 14’’ HD Display, 8GB RAM, 64GB eMMC, Intel Quad-Core N4120, Student and Business, Webcam, HDMI, Wi-Fi, RJ-45, Windows 11 Home, Pink",319.14$,4.1 out of 5 stars,844 ratings,Only 1 left in stock - order soon.
"ASUS TUF Gaming F15 (2022) Gaming Laptop, 15.6” FHD 144Hz Display, GeForce RTX 3050, Intel Core i5-12500H, 16GB DDR4, 512GB PCIe SSD, Wi-Fi 6, Windows 11, FX507ZC-ES53,Mecha Gray",219.99$,4.5 out of 5 stars,208 ratings,Only 1 left in stock - order soon.
"Lenovo IdeaPad 1 Laptop, 15.6” FHD Display, AMD Ryzen 5 5500U, 8GB RAM, 512GB SSD, Windows 11 Home, 720p Camera w/Privacy Shutter, Smart Noise Cancelling, Cloud Grey",389.99$,4.4 out of 5 stars,172 ratings,Only 3 left in stock - order soon.
"KEFEYA Laptop Screen Extender, 14"" FHD 1080P IPS Triple Portable Monitor for Laptop 13-17"" with USB-C/HDMI Port, Laptop Monitor Extender for Windows/Mac/Chrome/Surface/Switch/PS5, Plug n Play",299.99$,4.7 out of 5 stars,756 ratings,Only 14 left in stock - order soon.
"HP Pavilion 15t Laptop, 15.6"" FHD Touchscreen, Intel Core i7-1355U Processor, 32GB RAM, 1TB SSD, Webcam, Backlit Keyboard, FP Reader, HDMI, Wi-Fi 6, Windows 11 Pro, Warm Gold",795.99$,4.1 out of 5 stars,10 ratings,Only 1 left in stock - order soon.
"Acer Swift Go Intel Evo Thin & Light Premium Laptop 14"" 1920x1200 100% sRGB Touch Screen Display Intel Core i7-1355U Intel Iris Xe 16GB LPDDR5 512GB Gen 4 SSD SFG14-71T-72QV",319.14$,4.3 out of 5 stars,192 ratings,Only 20 left in stock - order soon.
"Lenovo IdeaPad 1 14 Laptop, 14.0"" HD Display, Intel Celeron N4020, 4GB RAM, 64GB Storage, Intel UHD Graphics 600, Win 11 in S Mode, Cloud Grey",147.50$,3.6 out of 5 stars,725 ratings,In Stock
"Dell Inspiron 15 3511 15.6 Inch Laptop, Full HD LED Non-Touch WVA Display - Intel Core i3-1115G4, 8GB DDR4 RAM, 256GB SSD, UHD Graphics, Windows 11 Home - Carbon Black",324.00$,4.1 out of 5 stars,356 ratings,In Stock
"Tobeoneer Laptop Stand, Ergonomic Laptop Stand for Desk, Adjustable & Foldable & Portable Heat Sink Computer Stands, Fits up to 15.6-inch Laptops. (Silver)",29.99$,4.5 out of 5 stars,56 ratings,In Stock
"YABBOQ Rechargeable Wireless Mouse - 6 Buttons, 3 Adjustable DPI, 3-Year Battery, Ergonomic Design",9.99$,4.3 out of 5 stars,"2,130 ratings",In Stock
"INFINMIND Wireless Bluetooth Mouse with 4 Way Scrolling, Rechargeable, 4 Level 3200 DPI, Quiet Click, 3 Devices Mice for Windows,Linux,Mac OS,iOS,Android (Blue)",28.99$,4.4 out of 5 stars,102 ratings,In Stock
"COOLERPLUS FC112 USB Optical Wired Computer Mouse with Easy Click for Office and Home, 1000DPI, Premium and Portable,Compatible with Windows PC, Laptop, Desktop, Notebook (Black)",10.99$,4.7 out of 5 stars,"10,443 ratings",In Stock
Fitzladd Wireless Mouse Ergonomic 2.4 G Portable Mobile Computer Click Silent Mouse Optical Mice with USB Receiver for Notebook PC Laptop Computer MacBook (Gold),15.98$,4.6 out of 5 stars,"1,250 ratings",In Stock
"USB C Wired Mouse,INNOMAX USB-C Ergonomic/Large Size Mouse/6 Buttons with 3 Level DPI Adjustable Level, Page Down& UP Button for MacBook Pro, iPad Pro and Laptop with USB-C Port(Black)",14.99$,4.0 out of 5 stars,187 ratings,In Stock
